orden,nombre,genero,fecha_nac,edad,pais
,Maxy Moxley,No Binario,2001-12-09,34,China
,Bridgette Marran,Femenino,1997-07-02,33,Thailand
,Krystalle Gyenes,No Binario,1993-09-06,23,Argentina
,Gussi Flello,No Binario,1997-11-09,21,Indonesia
,Christan Robottom,No Binario,1990-01-28,21,China
,Korella Pegram,Femenino,1997-08-15,30,Lithuania
,Aldridge McGuinley,No Binario,2004-01-23,34,China
,Boote MacCosty,Femenino,1991-03-23,29,Peru
,Morly Domel,No Binario,2000-11-13,22,China
,Ricoriki Betts,Femenino,1996-10-05,29,France
,Carter Sisnett,Masculino,2000-05-20,33,Indonesia
,Aymer Darell,No Binario,1995-10-24,33,Brazil
,Alphonso Dandison,Femenino,1998-12-03,18,Venezuela
,Tracee Di Domenico,No Binario,1991-10-21,24,Russia
,Emanuel Scrauniage,Masculino,1992-09-21,31,Russia
